Dataset,original dim,intrinsic dim_L1,intrinsic dim_L2,No. of instances
adult.data,104,9.07862289226156,7.257575496276873,30162
cleveland.data,13,6.651486996170408,3.4310785437717226,297
compas-scores-two-years,5,2.6713999701945,3.020268343591039,7214
default,24,5.43813082890712,2.2821230483517283,30000
german.data-numeric,24,4.279818487763983,3.4310785437717226,1000
