Dataset,original dim,intrinsic dim_L1,intrinsic dim_L2,No. of instances
pitsA,159,3.5614716899826595,2.1550080088953645,965
pitsB,145,2.6079369286196736,2.014418966941514,1646
pitsC,44,2.449805333877446,1.8606107371642568,323
pitsD,52,3.617893167286813,3.034867140787714,182
pitsE,143,3.069825908981949,2.4312102762008827,825
pitsF,108,2.8577537429778292,2.2294310202741547,744
